-- Добавление тестовых данных для BnAuto

-- Тестовые пользователи
INSERT INTO users (id, email, phone, full_name, role, verified) VALUES
('550e8400-e29b-41d4-a716-446655440001', 'owner1@bnauto.kz', '+77771234567', 'Асылбек Нурланов', 'owner', true),
('550e8400-e29b-41d4-a716-446655440002', 'owner2@bnauto.kz', '+77771234568', 'Айгуль Сериковна', 'owner', true),
('550e8400-e29b-41d4-a716-446655440003', 'renter1@bnauto.kz', '+77771234569', 'Данияр Абдуллаев', 'renter', true),
('550e8400-e29b-41d4-a716-446655440004', 'renter2@bnauto.kz', '+77771234570', 'Алия Касымова', 'renter', true);

-- Тестовые автомобили
INSERT INTO cars (id, owner_id, brand, model, year, color, vin, license_plate, rental_price, rental_period_months, payment_frequency, location, description, features) VALUES
('660e8400-e29b-41d4-a716-446655440001', '550e8400-e29b-41d4-a716-446655440001', 'Toyota', 'Camry', 2023, 'Белый', '1HGBH41JXMN109186', '777ABC01', 180000.00, 24, 'monthly', 'Алматы', 'Отличный седан для семьи и работы', '["Кондиционер", "Автомат", "Камера заднего вида"]'),
('660e8400-e29b-41d4-a716-446655440002', '550e8400-e29b-41d4-a716-446655440001', 'BMW', 'X3', 2024, 'Черный', '2HGBH41JXMN109187', '777XYZ02', 340000.00, 36, 'monthly', 'Астана', 'Премиум кроссовер с полным приводом', '["Кожаный салон", "Панорамная крыша", "Система навигации"]'),
('660e8400-e29b-41d4-a716-446655440003', '550e8400-e29b-41d4-a716-446655440002', 'Hyundai', 'Solaris', 2023, 'Серый', '3HGBH41JXMN109188', '777DEF03', 100000.00, 18, 'weekly', 'Шымкент', 'Экономичный и надежный автомобиль', '["Экономичный расход", "Просторный салон", "Гарантия"]');

-- Тестовые бронирования
INSERT INTO bookings (id, car_id, renter_id, start_date, end_date, total_amount, status) VALUES
('770e8400-e29b-41d4-a716-446655440001', '660e8400-e29b-41d4-a716-446655440001', '550e8400-e29b-41d4-a716-446655440003', '2025-01-15', '2027-01-15', 4320000.00, 'active'),
('770e8400-e29b-41d4-a716-446655440002', '660e8400-e29b-41d4-a716-446655440003', '550e8400-e29b-41d4-a716-446655440004', '2025-02-01', '2026-08-01', 1800000.00, 'confirmed');

-- Тестовые платежи
INSERT INTO payments (booking_id, amount, due_date, status, payment_method) VALUES
('770e8400-e29b-41d4-a716-446655440001', 180000.00, '2025-01-15', 'paid', 'kaspi_pay'),
('770e8400-e29b-41d4-a716-446655440001', 180000.00, '2025-02-15', 'pending', 'kaspi_pay'),
('770e8400-e29b-41d4-a716-446655440002', 100000.00, '2025-02-01', 'paid', 'kaspi_pay');
